task,geometry,n,mean_full_state_nmse,median_full_state_nmse,mean_raw_nmse,median_nmse_ratio_to_raw,mean_d_task,median_d_task,mean_state_participation
denoise,clustered,300,0.877088,0.853521,0.160655,19.481232,1.896667,2.0,1.000415
denoise,logspread,300,0.650202,0.603235,0.160655,16.045627,9.300000,10.0,1.161537
denoise,wide,300,1.345053,0.398145,0.160655,26.022401,10.620000,13.0,1.247920
prediction,clustered,300,0.907673,0.891744,0.262020,5.328853,1.456667,1.0,1.000415
prediction,logspread,300,0.734815,0.694455,0.262020,4.815337,8.160000,9.0,1.161543
prediction,wide,300,1.420137,0.557398,0.262020,3.199516,8.930000,11.0,1.247902
symbol_recovery,clustered,300,0.857429,0.829540,0.158917,19.143561,2.043333,2.0,1.000416
symbol_recovery,logspread,300,0.500291,0.431295,0.158917,14.499063,10.196667,11.0,1.160497
symbol_recovery,wide,300,0.715564,0.103893,0.158917,3.492348,11.700000,14.0,1.245728
