process,task,role,mean_full_state_nmse,mean_d_task,median_state_condition_number
short,prediction,matched,0.226043,4.75,1.542915e16
short,prediction,displaced,1.195976,1.95,1.059031e16
short,prediction,broad,280.447414,1.00,4.574868e7
short,latent_estimation,matched,0.187176,4.80,1.542915e16
short,latent_estimation,displaced,1.118262,1.95,1.059031e16
short,latent_estimation,broad,197.353918,1.15,4.574868e7
multiscale,prediction,matched,0.883048,6.40,7.657372e12
multiscale,prediction,displaced,1351.770266,1.00,3.590159e15
multiscale,prediction,broad,2244.723084,1.00,2.901337e7
multiscale,latent_estimation,matched,2.140387,3.95,7.657372e12
multiscale,latent_estimation,displaced,1951.197963,1.00,3.590159e15
multiscale,latent_estimation,broad,7013.572418,1.00,2.901337e7
long,prediction,matched,7.514005,1.10,8.899581e15
long,prediction,displaced,0.036949,3.20,1.358786e16
long,prediction,broad,1179.583230,1.10,1.688404e8
long,latent_estimation,matched,7.430651,1.10,8.899581e15
long,latent_estimation,displaced,0.033396,3.25,1.358786e16
long,latent_estimation,broad,1051.333697,1.00,1.688404e8
hidden_mix,prediction,matched,0.392076,5.85,1.901426e13
hidden_mix,prediction,displaced,4281.977470,1.00,3.380175e15
hidden_mix,prediction,broad,1700.791131,1.00,7.276985e7
hidden_mix,latent_estimation,matched,3.968440,1.80,1.901426e13
hidden_mix,latent_estimation,displaced,3250.762657,1.00,3.380175e15
hidden_mix,latent_estimation,broad,82281.986573,1.00,7.276985e7
